The Fangirl/Fanboy,books and literature,best-sellers ,
The Fangirl/Fanboy,books and literature,children's books ,
The Fangirl/Fanboy,books and literature,e-books,
The Fangirl/Fanboy,books and literature,fan fiction ,
The Fangirl/Fanboy,books and literature,magazines,
The Fangirl/Fanboy,books and literature,mythology,
The Fangirl/Fanboy,books and literature,non-fiction,
The Fangirl/Fanboy,books and literature,poetry,
The Fangirl/Fanboy,books and literature,reference books,
The Fangirl/Fanboy,books and literature,romance novels,
The Fangirl/Fanboy,books and literature,novels,
The Fangirl/Fanboy,books and literature,science fiction,
The Fangirl/Fanboy,books and literature,textbooks,
The Fangirl/Fanboy,books and literature,,
The Fangirl/Fanboy,celebrity fan and gossip,,
The Fangirl/Fanboy,comics and animation,anime,
The Fangirl/Fanboy,comics and animation,anime and manga,
The Fangirl/Fanboy,comics and animation,cartoons,
The Fangirl/Fanboy,comics and animation,comics,
The Fangirl/Fanboy,dance,ballet,
The Fangirl/Fanboy,dance,ballroom dance,
The Fangirl/Fanboy,dance,belly dance,
The Fangirl/Fanboy,dance,modern dance,
The Fangirl/Fanboy,dance,pole dancing,
The Fangirl/Fanboy,dance,,
The Fangirl/Fanboy,humor,,
The Fangirl/Fanboy,movies,film festivals and awards,
The Fangirl/Fanboy,movies and tv,action,
The Fangirl/Fanboy,movies and tv,animated,
The Fangirl/Fanboy,movies and tv,bollywood,
The Fangirl/Fanboy,movies and tv,children's,
The Fangirl/Fanboy,movies and tv,classics,silent films
The Fangirl/Fanboy,movies and tv,classics,
The Fangirl/Fanboy,movies and tv,comedies,
The Fangirl/Fanboy,movies and tv,cult classics,
The Fangirl/Fanboy,movies and tv,documentaries,
The Fangirl/Fanboy,movies and tv,dramas,
The Fangirl/Fanboy,movies and tv,horror,
The Fangirl/Fanboy,movies and tv,independent,
The Fangirl/Fanboy,movies and tv,movies,reviews
The Fangirl/Fanboy,movies and tv,movies,trailers
The Fangirl/Fanboy,movies and tv,movies,
The Fangirl/Fanboy,movies and tv,movie,
The Fangirl/Fanboy,movies and tv,reality,
The Fangirl/Fanboy,movies and tv,series,
The Fangirl/Fanboy,movies and tv,romantic comedies,
The Fangirl/Fanboy,movies and tv,talk shows,
The Fangirl/Fanboy,movies and tv,television,
The Fangirl/Fanboy,movies and tv,thrillers,
The Fangirl/Fanboy,movies and tv,westerns,
The Fangirl/Fanboy,music,music genres,blues
The Fangirl/Fanboy,music,music genres,classical music
The Fangirl/Fanboy,music,music genres,country music
The Fangirl/Fanboy,music,music genres,easy listening
The Fangirl/Fanboy,music,music genres,electronic music
The Fangirl/Fanboy,music,music genres,folk music
The Fangirl/Fanboy,music,music genres,hip hop
The Fangirl/Fanboy,music,music genres,jazz
The Fangirl/Fanboy,music,music genres,opera
The Fangirl/Fanboy,music,music genres,pop music
The Fangirl/Fanboy,music,music genres,punk
The Fangirl/Fanboy,music,music genres,religious music
The Fangirl/Fanboy,music,music genres,rock music
The Fangirl/Fanboy,music,music genres,ska
The Fangirl/Fanboy,music,music genres,soul music
The Fangirl/Fanboy,music,music genres,soundtracks
The Fangirl/Fanboy,music,music genres,world music
The Fangirl/Fanboy,music,music reference,music composition and theory
The Fangirl/Fanboy,music,music reference,sheet music
The Fangirl/Fanboy,music,musical instruments,drums
The Fangirl/Fanboy,music,musical instruments,guitars
The Fangirl/Fanboy,music,musical instruments,pianos
The Fangirl/Fanboy,music,musical instruments,
The Fangirl/Fanboy,music,recording industry,music awards
The Fangirl/Fanboy,music,recording industry,record labels
The Fangirl/Fanboy,music,recording industry,
The Fangirl/Fanboy,music,singing,
The Fangirl/Fanboy,music,,
The Fangirl/Fanboy,radio,podcasts,
The Fangirl/Fanboy,radio,radio programs,
The Fangirl/Fanboy,radio,talk radio,
The Fangirl/Fanboy,radio,,
The Fangirl/Fanboy,shows and events,beauty contest,
The Fangirl/Fanboy,shows and events,circus,
The Fangirl/Fanboy,shows and events,classical concert,
The Fangirl/Fanboy,shows and events,concert,
The Fangirl/Fanboy,shows and events,conference,
The Fangirl/Fanboy,shows and events,exhibition,
The Fangirl/Fanboy,shows and events,fair,
The Fangirl/Fanboy,shows and events,festival,
The Fangirl/Fanboy,shows and events,musical,
The Fangirl/Fanboy,shows and events,sports event,
The Fangirl/Fanboy,theatre,theatre awards,
The Fangirl/Fanboy,theatre,theatre companies,
The Fangirl/Fanboy,theatre,,
The Fangirl/Fanboy,visual art and design,architecture,
The Fangirl/Fanboy,visual art and design,art and craft supplies,
The Fangirl/Fanboy,visual art and design,art museums and galleries,
The Fangirl/Fanboy,visual art and design,arts education,
The Fangirl/Fanboy,visual art and design,design,graphic design
The Fangirl/Fanboy,visual art and design,design,industrial and product design
The Fangirl/Fanboy,visual art and design,design,interior design
The Fangirl/Fanboy,visual art and design,design,
The Fangirl/Fanboy,visual art and design,digital art,
The Fangirl/Fanboy,visual art and design,drawing,
The Fangirl/Fanboy,visual art and design,painting,
The Fangirl/Fanboy,visual art and design,performance art,
The Fangirl/Fanboy,visual art and design,restoration,
The Fangirl/Fanboy,visual art and design,sculpture,
The Fangirl/Fanboy,visual art and design,,
The Foodie,barbecues and grilling,,
The Foodie,beverages,alcoholic beverages,cocktails and beer
The Foodie,beverages,alcoholic beverages,wine
The Foodie,beverages,non alcoholic beverages,bottled water
The Foodie,beverages,non alcoholic beverages,coffee and tea
The Foodie,beverages,non alcoholic beverages,soft drinks
The Foodie,beverages,,
The Foodie,cuisines,american cuisine,
The Foodie,cuisines,chinese cuisine,
The Foodie,cuisines,french cuisine,
The Foodie,cuisines,indian cuisine,
The Foodie,cuisines,italian cuisine,
The Foodie,cuisines,japanese cuisine,
The Foodie,cuisines,mexican cuisine,
The Foodie,cuisines,regional cuisine,
The Foodie,cuisines,vietnamese cuisine,
The Foodie,cuisines,german cuisine,
The Foodie,cuisines,russian cuisine,
The Foodie,cuisines,korean cuisine,
The Foodie,cuisines,canadian cuisine,
The Foodie,cuisines,thai cuisine,
The Foodie,cuisines,spanish cuisine,
The Foodie,cuisines,swedish cuisine,
The Foodie,cuisines,philippine cuisine,
The Foodie,cuisines,world cuisine,
The Foodie,desserts and baking,,
The Foodie,dining out,,
The Foodie,food,baked goods,
The Foodie,food,breakfast foods,
The Foodie,food,candy and sweets,
The Foodie,food,condiments and dressings,
The Foodie,food,fast food,
The Foodie,food,frozen food,
The Foodie,food,fruits and vegetables,
The Foodie,food,grains and pasta,
The Foodie,food,herbs and spices,
The Foodie,food,salads,
The Foodie,food,snack foods,
The Foodie,food allergies,,
The Foodie,food and grocery retailers,bakeries,
The Foodie,food and grocery retailers,butchers,
The Foodie,food and grocery retailers,convenience stores,
The Foodie,food and grocery retailers,grocery stores,
The Foodie,gastronomy,slow food,
The Foodie,gastronomy,,
The Foodie,health and lowfat cooking,,
The Foodie,healthy eating,,
The Foodie,kosher food,,
The Foodie,vegan,,
The Foodie,vegetarian,,
The Gamer,games,board games and puzzles,
The Gamer,games,card games,
The Gamer,games,chess,
The Gamer,games,gambling,
The Gamer,games,lottery,
The Gamer,games,role playing games,
The Gamer,games,video and computer games,
The Sports Fanatic,sports,archery,
The Sports Fanatic,sports,auto racing,nascar
The Sports Fanatic,sports,auto racing,rally
The Sports Fanatic,sports,auto racing,
The Sports Fanatic,sports,badminton,
The Sports Fanatic,sports,baseball,
The Sports Fanatic,sports,basketball,
The Sports Fanatic,sports,bicycling,mountain biking
The Sports Fanatic,sports,bicycling,
The Sports Fanatic,sports,billiards,
The Sports Fanatic,sports,boat racing,
The Sports Fanatic,sports,bobsled,
The Sports Fanatic,sports,bodybuilding,
The Sports Fanatic,sports,bowling,
The Sports Fanatic,sports,boxing,
The Sports Fanatic,sports,canoeing and kayaking,
The Sports Fanatic,sports,cheerleading,
The Sports Fanatic,sports,climbing,mountain climbing
The Sports Fanatic,sports,climbing,rock climbing
The Sports Fanatic,sports,climbing,
The Sports Fanatic,sports,cricket,
The Sports Fanatic,sports,curling,
The Sports Fanatic,sports,diving,
The Sports Fanatic,sports,dog sled,
The Sports Fanatic,sports,fencing,
The Sports Fanatic,sports,fishing,fly fishing
The Sports Fanatic,sports,fishing,freshwater fishing
The Sports Fanatic,sports,fishing,saltwater fishing
The Sports Fanatic,sports,fishing,sport fishing
The Sports Fanatic,sports,fishing,
The Sports Fanatic,sports,football,
The Sports Fanatic,sports,go kart,
The Sports Fanatic,sports,golf,
The Sports Fanatic,sports,gymnastics,calisthenics
The Sports Fanatic,sports,gymnastics,
The Sports Fanatic,sports,handball,
The Sports Fanatic,sports,hockey,field hockey
The Sports Fanatic,sports,hockey,
The Sports Fanatic,sports,horse racing,
The Sports Fanatic,sports,horses,
The Sports Fanatic,sports,hunting and shooting,skeet shooting
The Sports Fanatic,sports,hunting and shooting,target shooting
The Sports Fanatic,sports,hunting and shooting,
The Sports Fanatic,sports,martial arts,judo
The Sports Fanatic,sports,martial arts,karate
The Sports Fanatic,sports,martial arts,sumo
The Sports Fanatic,sports,martial arts,
The Sports Fanatic,sports,motorcycling,
The Sports Fanatic,sports,olympics,paralympic games
The Sports Fanatic,sports,olympics,
The Sports Fanatic,sports,paintball,
The Sports Fanatic,sports,parachuting,
The Sports Fanatic,sports,polo,
The Sports Fanatic,sports,rodeo,
The Sports Fanatic,sports,rowing,
The Sports Fanatic,sports,rugby,
The Sports Fanatic,sports,running and jogging,
The Sports Fanatic,sports,sailing,
The Sports Fanatic,sports,scuba diving,
The Sports Fanatic,sports,skateboarding,
The Sports Fanatic,sports,skating,figure skating
The Sports Fanatic,sports,skating,ice skating
The Sports Fanatic,sports,skating,roller skating
The Sports Fanatic,sports,skating,
The Sports Fanatic,sports,skiing,downhill skiing
The Sports Fanatic,sports,skiing,nordic skiing
The Sports Fanatic,sports,skiing,waterskiing
The Sports Fanatic,sports,skiing,
The Sports Fanatic,sports,snowboarding,
The Sports Fanatic,sports,soccer,
The Sports Fanatic,sports,softball,
The Sports Fanatic,sports,sports news,
The Sports Fanatic,sports,surfing and bodyboarding,
The Sports Fanatic,sports,swimming,
The Sports Fanatic,sports,table tennis and ping-pong,
The Sports Fanatic,sports,tennis,
The Sports Fanatic,sports,trekking,
The Sports Fanatic,sports,volleyball,beach volleyball
The Sports Fanatic,sports,volleyball,
The Sports Fanatic,sports,wakeboarding,
The Sports Fanatic,sports,walking,
The Sports Fanatic,sports,water polo,
The Sports Fanatic,sports,weightlifting,
The Sports Fanatic,sports,windsurfing,
The Sports Fanatic,sports,wrestling,
The Fangirl/Fanboy,artist,movie and tv,actor
The Fangirl/Fanboy,artist,movie and tv,actress
The Fangirl/Fanboy,artist,movie and tv,comedian
The Fangirl/Fanboy,artist,comics and animation,comics creator
The Fangirl/Fanboy,artist,dancer,
The Fangirl/Fanboy,artist,fashion designer,
The Fangirl/Fanboy,artist,musical artist,
The Fangirl/Fanboy,artist,musical artist,musician
The Fangirl/Fanboy,artist,musical artist,classical music artist
The Fangirl/Fanboy,artist,musical artist,instrumentalist
The Fangirl/Fanboy,artist,musical artist,guitarist
The Fangirl/Fanboy,artist,musical artist,singer
The Fangirl/Fanboy,artist,musical artist,music director
The Fangirl/Fanboy,artist,musical artist,producer
The Fangirl/Fanboy,artist,painter,
The Fangirl/Fanboy,artist,photographer,
The Fangirl/Fanboy,artist,author and writer,writer
The Fangirl/Fanboy,artist,author and writer,novelist
The Fangirl/Fanboy,artist,author and writer,author
